Workbook

Sheet Sheet1
A1: i | B1: X | C1: Y | D1: Z | E1: Distance to closest | F1: Closest | J1: 1st | L1: 2nd | N1: 3rd | P1: 4th | R1: 5th
A2: 0 | B2: =Example!A1 -> 162 | C2: =Example!B1 -> 817 | D2: =Example!C1 -> 812 | E2: {=_xlfn.LET(_xlpm.dist,_xlfn.MAP(A$2:A$21, _xlfn.LAMBDA(_xlpm.i, POWER($B2-INDIRECT(ADDRESS(2+_xlpm.i,2)),2) +POWER($C2-INDIRECT(ADDRESS(2+_xlpm.i,3)),2) +POWER($D2-INDIRECT(ADDRESS(2+_xlpm.i,4)),2)) ),_xlfn.LET(_xlpm.best,INDEX(_xlfn._xlws.SORT(_xlpm.dist),2),_xlpm.best))} -> 100427 | F2: {=_xlfn.LET(_xlpm.dist,_xlfn.MAP(A$2:A$21, _xlfn.LAMBDA(_xlpm.i, POWER($B2-INDIRECT(ADDRESS(2+_xlpm.i,2)),2) +POWER($C2-INDIRECT(ADDRESS(2+_xlpm.i,3)),2) +POWER($D2-INDIRECT(ADDRESS(2+_xlpm.i,4)),2)) ),_xlfn.LET(_xlpm.best,INDEX(_xlfn._xlws.SORT(_xlpm.dist),2), _xlfn._xlws.FILTER(A$2:A$21, _xlpm.dist=_xlpm.best)))} -> 19 | G2: {=_xlfn._xlws.SORT(_xlfn.CHOOSECOLS(A2:F21,5,1,6), 1,1)} -> 100427 | H2: 0 | I2: 19 | J2: {=_xlfn.MAP(H2:I21, _xlfn.LAMBDA(_xlpm.x,IF(_xlpm.x=I2,H2,_xlpm.x)))} -> 0 | K2: 0 | L2: {=_xlfn.MAP(J2:K21, _xlfn.LAMBDA(_xlpm.x,IF(_xlpm.x=K3,J3,_xlpm.x)))} -> 0 | M2: 0 | N2: {=_xlfn.MAP(L2:M21, _xlfn.LAMBDA(_xlpm.x,IF(_xlpm.x=M4,L4,_xlpm.x)))} -> 7 | O2: 7 | P2: {=_xlfn.MAP(N2:O21, _xlfn.LAMBDA(_xlpm.x,IF(_xlpm.x=O5,N5,_xlpm.x)))} -> 7 | Q2: 7 | R2: {=_xlfn.MAP(P2:Q21, _xlfn.LAMBDA(_xlpm.x,IF(_xlpm.x=Q6,P6,_xlpm.x)))} -> 7 | S2: 7 | T2: {=_xlfn.MAP(R2:S21, _xlfn.LAMBDA(_xlpm.x,IF(_xlpm.x=S7,R7,_xlpm.x)))} -> 7 | U2: 7 | V2: {=_xlfn.MAP(T2:U21, _xlfn.LAMBDA(_xlpm.x,IF(_xlpm.x=U8,T8,_xlpm.x)))} -> 7 | W2: 7 | X2: {=_xlfn.MAP(V2:W21, _xlfn.LAMBDA(_xlpm.x,IF(_xlpm.x=W9,V9,_xlpm.x)))} -> 7 | Y2: 7 | Z2: {=_xlfn.MAP(X2:Y21, _xlfn.LAMBDA(_xlpm.x,IF(_xlpm.x=Y10,X10,_xlpm.x)))} -> 7 | AA2: 7 | AB2: {=_xlfn.MAP(Z2:AA21, _xlfn.LAMBDA(_xlpm.x,IF(_xlpm.x=AA11,Z11,_xlpm.x)))} -> 7 | AC2: 7 | AD2: {=_xlfn.MAP(AB2:AC21, _xlfn.LAMBDA(_xlpm.x,IF(_xlpm.x=AC12,AB12,_xlpm.x)))} -> 7 | AE2: 7 | AF2: {=_xlfn.MAP(AD2:AE21, _xlfn.LAMBDA(_xlpm.x,IF(_xlpm.x=AE13,AD13,_xlpm.x)))} -> 7 | AG2: 7 | AH2: {=_xlfn.MAP(AF2:AG21, _xlfn.LAMBDA(_xlpm.x,IF(_xlpm.x=AG14,AF14,_xlpm.x)))} -> 14 | AI2: 14 | AJ2: {=_xlfn.MAP(AH2:AI21, _xlfn.LAMBDA(_xlpm.x,IF(_xlpm.x=AI15,AH15,_xlpm.x)))} -> 3 | AK2: 3 | AL2: {=_xlfn.MAP(AJ2:AK21, _xlfn.LAMBDA(_xlpm.x,IF(_xlpm.x=AK16,AJ16,_xlpm.x)))} -> 3 | AM2: 3
A3: 1 | B3: =Example!A2 -> 57 | C3: =Example!B2 -> 618 | D3: =Example!C2 -> 57 | E3: {=_xlfn.LET(_xlpm.dist,_xlfn.MAP(A$2:A$21, _xlfn.LAMBDA(_xlpm.i, POWER($B3-INDIRECT(ADDRESS(2+_xlpm.i,2)),2) +POWER($C3-INDIRECT(ADDRESS(2+_xlpm.i,3)),2) +POWER($D3-INDIRECT(ADDRESS(2+_xlpm.i,4)),2)) ),_xlfn.LET(_xlpm.best,INDEX(_xlfn._xlws.SORT(_xlpm.dist),2),_xlpm.best))} -> 179982 | F3: {=_xlfn.LET(_xlpm.dist,_xlfn.MAP(A$2:A$21, _xlfn.LAMBDA(_xlpm.i, POWER($B3-INDIRECT(ADDRESS(2+_xlpm.i,2)),2) +POWER($C3-INDIRECT(ADDRESS(2+_xlpm.i,3)),2) +POWER($D3-INDIRECT(ADDRESS(2+_xlpm.i,4)),2)) ),_xlfn.LET(_xlpm.best,INDEX(_xlfn._xlws.SORT(_xlpm.dist),2), _xlfn._xlws.FILTER(A$2:A$21, _xlpm.dist=_xlpm.best)))} -> 5 | G3: 100427 | H3: 19 | I3: 0 | J3: 0 | K3: 0 | L3: 0 | M3: 0 | N3: 7 | O3: 7 | P3: 7 | Q3: 7 | R3: 7 | S3: 7 | T3: 7 | U3: 7 | V3: 7 | W3: 7 | X3: 7 | Y3: 7 | Z3: 7 | AA3: 7 | AB3: 7 | AC3: 7 | AD3: 7 | AE3: 7 | AF3: 7 | AG3: 7 | AH3: 14 | AI3: 14 | AJ3: 3 | AK3: 3 | AL3: 3 | AM3: 3
A4: 2 | B4: =Example!A3 -> 906 | C4: =Example!B3 -> 360 | D4: =Example!C3 -> 560 | E4: {=_xlfn.LET(_xlpm.dist,_xlfn.MAP(A$2:A$21, _xlfn.LAMBDA(_xlpm.i, POWER($B4-INDIRECT(ADDRESS(2+_xlpm.i,2)),2) +POWER($C4-INDIRECT(ADDRESS(2+_xlpm.i,3)),2) +POWER($D4-INDIRECT(ADDRESS(2+_xlpm.i,4)),2)) ),_xlfn.LET(_xlpm.best,INDEX(_xlfn._xlws.SORT(_xlpm.dist),2),_xlpm.best))} -> 103922 | F4: {=_xlfn.LET(_xlpm.dist,_xlfn.MAP(A$2:A$21, _xlfn.LAMBDA(_xlpm.i, POWER($B4-INDIRECT(ADDRESS(2+_xlpm.i,2)),2) +POWER($C4-INDIRECT(ADDRESS(2+_xlpm.i,3)),2) +POWER($D4-INDIRECT(ADDRESS(2+_xlpm.i,4)),2)) ),_xlfn.LET(_xlpm.best,INDEX(_xlfn._xlws.SORT(_xlpm.dist),2), _xlfn._xlws.FILTER(A$2:A$21, _xlpm.dist=_xlpm.best)))} -> 13 | G4: 103401 | H4: 7 | I4: 0 | J4: 7 | K4: 0 | L4: 7 | M4: 0 | N4: 7 | O4: 7 | P4: 7 | Q4: 7 | R4: 7 | S4: 7 | T4: 7 | U4: 7 | V4: 7 | W4: 7 | X4: 7 | Y4: 7 | Z4: 7 | AA4: 7 | AB4: 7 | AC4: 7 | AD4: 7 | AE4: 7 | AF4: 7 | AG4: 7 | AH4: 14 | AI4: 14 | AJ4: 3 | AK4: 3 | AL4: 3 | AM4: 3
A5: 3 | B5: =Example!A4 -> 592 | C5: =Example!B4 -> 479 | D5: =Example!C4 -> 940 | E5: {=_xlfn.LET(_xlpm.dist,_xlfn.MAP(A$2:A$21, _xlfn.LAMBDA(_xlpm.i, POWER($B5-INDIRECT(ADDRESS(2+_xlpm.i,2)),2) +POWER($C5-INDIRECT(ADDRESS(2+_xlpm.i,3)),2) +POWER($D5-INDIRECT(ADDRESS(2+_xlpm.i,4)),2)) ),_xlfn.LET(_xlpm.best,INDEX(_xlfn._xlws.SORT(_xlpm.dist),2),_xlpm.best))} -> 135411 | F5: {=_xlfn.LET(_xlpm.dist,_xlfn.MAP(A$2:A$21, _xlfn.LAMBDA(_xlpm.i, POWER($B5-INDIRECT(ADDRESS(2+_xlpm.i,2)),2) +POWER($C5-INDIRECT(ADDRESS(2+_xlpm.i,3)),2) +POWER($D5-INDIRECT(ADDRESS(2+_xlpm.i,4)),2)) ),_xlfn.LET(_xlpm.best,INDEX(_xlfn._xlws.SORT(_xlpm.dist),2), _xlfn._xlws.FILTER(A$2:A$21, _xlpm.dist=_xlpm.best)))} -> 19 | G5: 103922 | H5: 2 | I5: 13 | J5: 2 | K5: 13 | L5: 2 | M5: 13 | N5: 2 | O5: 13 | P5: 2 | Q5: 2 | R5: 2 | S5: 2 | T5: 2 | U5: 2 | V5: 2 | W5: 2 | X5: 2 | Y5: 2 | Z5: 2 | AA5: 2 | AB5: 2 | AC5: 2 | AD5: 2 | AE5: 2 | AF5: 8 | AG5: 8 | AH5: 8 | AI5: 8 | AJ5: 8 | AK5: 8 | AL5: 8 | AM5: 8
A6: 4 | B6: =Example!A5 -> 352 | C6: =Example!B5 -> 342 | D6: =Example!C5 -> 300 | E6: {=_xlfn.LET(_xlpm.dist,_xlfn.MAP(A$2:A$21, _xlfn.LAMBDA(_xlpm.i, POWER($B6-INDIRECT(ADDRESS(2+_xlpm.i,2)),2) +POWER($C6-INDIRECT(ADDRESS(2+_xlpm.i,3)),2) +POWER($D6-INDIRECT(ADDRESS(2+_xlpm.i,4)),2)) ),_xlfn.LET(_xlpm.best,INDEX(_xlfn._xlws.SORT(_xlpm.dist),2),_xlpm.best))} -> 138165 | F6: {=_xlfn.LET(_xlpm.dist,_xlfn.MAP(A$2:A$21, _xlfn.LAMBDA(_xlpm.i, POWER($B6-INDIRECT(ADDRESS(2+_xlpm.i,2)),2) +POWER($C6-INDIRECT(ADDRESS(2+_xlpm.i,3)),2) +POWER($D6-INDIRECT(ADDRESS(2+_xlpm.i,4)),2)) ),_xlfn.LET(_xlpm.best,INDEX(_xlfn._xlws.SORT(_xlpm.dist),2), _xlfn._xlws.FILTER(A$2:A$21, _xlpm.dist=_xlpm.best)))} -> 6 | G6: 103922 | H6: 13 | I6: 2 | J6: 13 | K6: 2 | L6: 13 | M6: 2 | N6: 13 | O6: 2 | P6: 2 | Q6: 2 | R6: 2 | S6: 2 | T6: 2 | U6: 2 | V6: 2 | W6: 2 | X6: 2 | Y6: 2 | Z6: 2 | AA6: 2 | AB6: 2 | AC6: 2 | AD6: 2 | AE6: 2 | AF6: 8 | AG6: 8 | AH6: 8 | AI6: 8 | AJ6: 8 | AK6: 8 | AL6: 8 | AM6: 8
A7: 5 | B7: =Example!A6 -> 466 | C7: =Example!B6 -> 668 | D7: =Example!C6 -> 158 | E7: {=_xlfn.LET(_xlpm.dist,_xlfn.MAP(A$2:A$21, _xlfn.LAMBDA(_xlpm.i, POWER($B7-INDIRECT(ADDRESS(2+_xlpm.i,2)),2) +POWER($C7-INDIRECT(ADDRESS(2+_xlpm.i,3)),2) +POWER($D7-INDIRECT(ADDRESS(2+_xlpm.i,4)),2)) ),_xlfn.LET(_xlpm.best,INDEX(_xlfn._xlws.SORT(_xlpm.dist),2),_xlpm.best))} -> 139436 | F7: {=_xlfn.LET(_xlpm.dist,_xlfn.MAP(A$2:A$21, _xlfn.LAMBDA(_xlpm.i, POWER($B7-INDIRECT(ADDRESS(2+_xlpm.i,2)),2) +POWER($C7-INDIRECT(ADDRESS(2+_xlpm.i,3)),2) +POWER($D7-INDIRECT(ADDRESS(2+_xlpm.i,4)),2)) ),_xlfn.LET(_xlpm.best,INDEX(_xlfn._xlws.SORT(_xlpm.dist),2), _xlfn._xlws.FILTER(A$2:A$21, _xlpm.dist=_xlpm.best)))} -> 4 | G7: 111326 | H7: 17 | I7: 18 | J7: 17 | K7: 18 | L7: 17 | M7: 18 | N7: 17 | O7: 18 | P7: 17 | Q7: 18 | R7: 17 | S7: 18 | T7: 17 | U7: 17 | V7: 17 | W7: 17 | X7: 17 | Y7: 17 | Z7: 17 | AA7: 17 | AB7: 17 | AC7: 17 | AD7: 17 | AE7: 17 | AF7: 17 | AG7: 17 | AH7: 17 | AI7: 17 | AJ7: 17 | AK7: 17 | AL7: 17 | AM7: 17
A8: 6 | B8: =Example!A7 -> 542 | C8: =Example!B7 -> 29 | D8: =Example!C7 -> 236 | E8: {=_xlfn.LET(_xlpm.dist,_xlfn.MAP(A$2:A$21, _xlfn.LAMBDA(_xlpm.i, POWER($B8-INDIRECT(ADDRESS(2+_xlpm.i,2)),2) +POWER($C8-INDIRECT(ADDRESS(2+_xlpm.i,3)),2) +POWER($D8-INDIRECT(ADDRESS(2+_xlpm.i,4)),2)) ),_xlfn.LET(_xlpm.best,INDEX(_xlfn._xlws.SORT(_xlpm.dist),2),_xlpm.best))} -> 138165 | F8: {=_xlfn.LET(_xlpm.dist,_xlfn.MAP(A$2:A$21, _xlfn.LAMBDA(_xlpm.i, POWER($B8-INDIRECT(ADDRESS(2+_xlpm.i,2)),2) +POWER($C8-INDIRECT(ADDRESS(2+_xlpm.i,3)),2) +POWER($D8-INDIRECT(ADDRESS(2+_xlpm.i,4)),2)) ),_xlfn.LET(_xlpm.best,INDEX(_xlfn._xlws.SORT(_xlpm.dist),2), _xlfn._xlws.FILTER(A$2:A$21, _xlpm.dist=_xlpm.best)))} -> 4 | G8: 111326 | H8: 18 | I8: 17 | J8: 18 | K8: 17 | L8: 18 | M8: 17 | N8: 18 | O8: 17 | P8: 18 | Q8: 17 | R8: 18 | S8: 17 | T8: 17 | U8: 17 | V8: 17 | W8: 17 | X8: 17 | Y8: 17 | Z8: 17 | AA8: 17 | AB8: 17 | AC8: 17 | AD8: 17 | AE8: 17 | AF8: 17 | AG8: 17 | AH8: 17 | AI8: 17 | AJ8: 17 | AK8: 17 | AL8: 17 | AM8: 17
A9: 7 | B9: =Example!A8 -> 431 | C9: =Example!B8 -> 825 | D9: =Example!C8 -> 988 | E9: {=_xlfn.LET(_xlpm.dist,_xlfn.MAP(A$2:A$21, _xlfn.LAMBDA(_xlpm.i, POWER($B9-INDIRECT(ADDRESS(2+_xlpm.i,2)),2) +POWER($C9-INDIRECT(ADDRESS(2+_xlpm.i,3)),2) +POWER($D9-INDIRECT(ADDRESS(2+_xlpm.i,4)),2)) ),_xlfn.LET(_xlpm.best,INDEX(_xlfn._xlws.SORT(_xlpm.dist),2),_xlpm.best))} -> 103401 | F9: {=_xlfn.LET(_xlpm.dist,_xlfn.MAP(A$2:A$21, _xlfn.LAMBDA(_xlpm.i, POWER($B9-INDIRECT(ADDRESS(2+_xlpm.i,2)),2) +POWER($C9-INDIRECT(ADDRESS(2+_xlpm.i,3)),2) +POWER($D9-INDIRECT(ADDRESS(2+_xlpm.i,4)),2)) ),_xlfn.LET(_xlpm.best,INDEX(_xlfn._xlws.SORT(_xlpm.dist),2), _xlfn._xlws.FILTER(A$2:A$21, _xlpm.dist=_xlpm.best)))} -> 0 | G9: 114473 | H9: 9 | I9: 12 | J9: 9 | K9: 12 | L9: 9 | M9: 12 | N9: 9 | O9: 12 | P9: 9 | Q9: 12 | R9: 9 | S9: 12 | T9: 9 | U9: 12 | V9: 9 | W9: 12 | X9: 9 | Y9: 9 | Z9: 9 | AA9: 9 | AB9: 9 | AC9: 9 | AD9: 9 | AE9: 9 | AF9: 9 | AG9: 9 | AH9: 9 | AI9: 9 | AJ9: 9 | AK9: 9 | AL9: 9 | AM9: 9
A10: 8 | B10: =Example!A9 -> 739 | C10: =Example!B9 -> 650 | D10: =Example!C9 -> 466 | E10: {=_xlfn.LET(_xlpm.dist,_xlfn.MAP(A$2:A$21, _xlfn.LAMBDA(_xlpm.i, POWER($B10-INDIRECT(ADDRESS(2+_xlpm.i,2)),2) +POWER($C10-INDIRECT(ADDRESS(2+_xlpm.i,3)),2) +POWER($D10-INDIRECT(ADDRESS(2+_xlpm.i,4)),2)) ),_xlfn.LET(_xlpm.best,INDEX(_xlfn._xlws.SORT(_xlpm.dist),2),_xlpm.best))} -> 120825 | F10: {=_xlfn.LET(_xlpm.dist,_xlfn.MAP(A$2:A$21, _xlfn.LAMBDA(_xlpm.i, POWER($B10-INDIRECT(ADDRESS(2+_xlpm.i,2)),2) +POWER($C10-INDIRECT(ADDRESS(2+_xlpm.i,3)),2) +POWER($D10-INDIRECT(ADDRESS(2+_xlpm.i,4)),2)) ),_xlfn.LET(_xlpm.best,INDEX(_xlfn._xlws.SORT(_xlpm.dist),2), _xlfn._xlws.FILTER(A$2:A$21, _xlpm.dist=_xlpm.best)))} -> 2 | G10: 114473 | H10: 12 | I10: 9 | J10: 12 | K10: 9 | L10: 12 | M10: 9 | N10: 12 | O10: 9 | P10: 12 | Q10: 9 | R10: 12 | S10: 9 | T10: 12 | U10: 9 | V10: 12 | W10: 9 | X10: 9 | Y10: 9 | Z10: 9 | AA10: 9 | AB10: 9 | AC10: 9 | AD10: 9 | AE10: 9 | AF10: 9 | AG10: 9 | AH10: 9 | AI10: 9 | AJ10: 9 | AK10: 9 | AL10: 9 | AM10: 9
A11: 9 | B11: =Example!A10 -> 52 | C11: =Example!B10 -> 470 | D11: =Example!C10 -> 668 | E11: {=_xlfn.LET(_xlpm.dist,_xlfn.MAP(A$2:A$21, _xlfn.LAMBDA(_xlpm.i, POWER($B11-INDIRECT(ADDRESS(2+_xlpm.i,2)),2) +POWER($C11-INDIRECT(ADDRESS(2+_xlpm.i,3)),2) +POWER($D11-INDIRECT(ADDRESS(2+_xlpm.i,4)),2)) ),_xlfn.LET(_xlpm.best,INDEX(_xlfn._xlws.SORT(_xlpm.dist),2),_xlpm.best))} -> 114473 | F11: {=_xlfn.LET(_xlpm.dist,_xlfn.MAP(A$2:A$21, _xlfn.LAMBDA(_xlpm.i, POWER($B11-INDIRECT(ADDRESS(2+_xlpm.i,2)),2) +POWER($C11-INDIRECT(ADDRESS(2+_xlpm.i,3)),2) +POWER($D11-INDIRECT(ADDRESS(2+_xlpm.i,4)),2)) ),_xlfn.LET(_xlpm.best,INDEX(_xlfn._xlws.SORT(_xlpm.dist),2), _xlfn._xlws.FILTER(A$2:A$21, _xlpm.dist=_xlpm.best)))} -> 12 | G11: 118604 | H11: 11 | I11: 16 | J11: 11 | K11: 16 | L11: 11 | M11: 16 | N11: 11 | O11: 16 | P11: 11 | Q11: 16 | R11: 11 | S11: 16 | T11: 11 | U11: 16 | V11: 11 | W11: 16 | X11: 11 | Y11: 16 | Z11: 11 | AA11: 16 | AB11: 11 | AC11: 11 | AD11: 11 | AE11: 11 | AF11: 11 | AG11: 11 | AH11: 11 | AI11: 11 | AJ11: 11 | AK11: 11 | AL11: 11 | AM11: 11
A12: 10 | B12: =Example!A11 -> 216 | C12: =Example!B11 -> 146 | D12: =Example!C11 -> 977 | E12: {=_xlfn.LET(_xlpm.dist,_xlfn.MAP(A$2:A$21, _xlfn.LAMBDA(_xlpm.i, POWER($B12-INDIRECT(ADDRESS(2+_xlpm.i,2)),2) +POWER($C12-INDIRECT(ADDRESS(2+_xlpm.i,3)),2) +POWER($D12-INDIRECT(ADDRESS(2+_xlpm.i,4)),2)) ),_xlfn.LET(_xlpm.best,INDEX(_xlfn._xlws.SORT(_xlpm.dist),2),_xlpm.best))} -> 210094 | F12: {=_xlfn.LET(_xlpm.dist,_xlfn.MAP(A$2:A$21, _xlfn.LAMBDA(_xlpm.i, POWER($B12-INDIRECT(ADDRESS(2+_xlpm.i,2)),2) +POWER($C12-INDIRECT(ADDRESS(2+_xlpm.i,3)),2) +POWER($D12-INDIRECT(ADDRESS(2+_xlpm.i,4)),2)) ),_xlfn.LET(_xlpm.best,INDEX(_xlfn._xlws.SORT(_xlpm.dist),2), _xlfn._xlws.FILTER(A$2:A$21, _xlpm.dist=_xlpm.best)))} -> 12 | G12: 118604 | H12: 16 | I12: 11 | J12: 16 | K12: 11 | L12: 16 | M12: 11 | N12: 16 | O12: 11 | P12: 16 | Q12: 11 | R12: 16 | S12: 11 | T12: 16 | U12: 11 | V12: 16 | W12: 11 | X12: 16 | Y12: 11 | Z12: 16 | AA12: 11 | AB12: 11 | AC12: 11 | AD12: 11 | AE12: 11 | AF12: 11 | AG12: 11 | AH12: 11 | AI12: 11 | AJ12: 11 | AK12: 11 | AL12: 11 | AM12: 11
A13: 11 | B13: =Example!A12 -> 819 | C13: =Example!B12 -> 987 | D13: =Example!C12 -> 18 | E13: {=_xlfn.LET(_xlpm.dist,_xlfn.MAP(A$2:A$21, _xlfn.LAMBDA(_xlpm.i, POWER($B13-INDIRECT(ADDRESS(2+_xlpm.i,2)),2) +POWER($C13-INDIRECT(ADDRESS(2+_xlpm.i,3)),2) +POWER($D13-INDIRECT(ADDRESS(2+_xlpm.i,4)),2)) ),_xlfn.LET(_xlpm.best,INDEX(_xlfn._xlws.SORT(_xlpm.dist),2),_xlpm.best))} -> 118604 | F13: {=_xlfn.LET(_xlpm.dist,_xlfn.MAP(A$2:A$21, _xlfn.LAMBDA(_xlpm.i, POWER($B13-INDIRECT(ADDRESS(2+_xlpm.i,2)),2) +POWER($C13-INDIRECT(ADDRESS(2+_xlpm.i,3)),2) +POWER($D13-INDIRECT(ADDRESS(2+_xlpm.i,4)),2)) ),_xlfn.LET(_xlpm.best,INDEX(_xlfn._xlws.SORT(_xlpm.dist),2), _xlfn._xlws.FILTER(A$2:A$21, _xlpm.dist=_xlpm.best)))} -> 16 | G13: 120825 | H13: 8 | I13: 2 | J13: 8 | K13: 2 | L13: 8 | M13: 2 | N13: 8 | O13: 2 | P13: 8 | Q13: 2 | R13: 8 | S13: 2 | T13: 8 | U13: 2 | V13: 8 | W13: 2 | X13: 8 | Y13: 2 | Z13: 8 | AA13: 2 | AB13: 8 | AC13: 2 | AD13: 8 | AE13: 2 | AF13: 8 | AG13: 8 | AH13: 8 | AI13: 8 | AJ13: 8 | AK13: 8 | AL13: 8 | AM13: 8
A14: 12 | B14: =Example!A13 -> 117 | C14: =Example!B13 -> 168 | D14: =Example!C13 -> 530 | E14: {=_xlfn.LET(_xlpm.dist,_xlfn.MAP(A$2:A$21, _xlfn.LAMBDA(_xlpm.i, POWER($B14-INDIRECT(ADDRESS(2+_xlpm.i,2)),2) +POWER($C14-INDIRECT(ADDRESS(2+_xlpm.i,3)),2) +POWER($D14-INDIRECT(ADDRESS(2+_xlpm.i,4)),2)) ),_xlfn.LET(_xlpm.best,INDEX(_xlfn._xlws.SORT(_xlpm.dist),2),_xlpm.best))} -> 114473 | F14: {=_xlfn.LET(_xlpm.dist,_xlfn.MAP(A$2:A$21, _xlfn.LAMBDA(_xlpm.i, POWER($B14-INDIRECT(ADDRESS(2+_xlpm.i,2)),2) +POWER($C14-INDIRECT(ADDRESS(2+_xlpm.i,3)),2) +POWER($D14-INDIRECT(ADDRESS(2+_xlpm.i,4)),2)) ),_xlfn.LET(_xlpm.best,INDEX(_xlfn._xlws.SORT(_xlpm.dist),2), _xlfn._xlws.FILTER(A$2:A$21, _xlpm.dist=_xlpm.best)))} -> 9 | G14: 123051 | H14: 14 | I14: 19 | J14: 14 | K14: 0 | L14: 14 | M14: 0 | N14: 14 | O14: 7 | P14: 14 | Q14: 7 | R14: 14 | S14: 7 | T14: 14 | U14: 7 | V14: 14 | W14: 7 | X14: 14 | Y14: 7 | Z14: 14 | AA14: 7 | AB14: 14 | AC14: 7 | AD14: 14 | AE14: 7 | AF14: 14 | AG14: 7 | AH14: 14 | AI14: 14 | AJ14: 3 | AK14: 3 | AL14: 3 | AM14: 3
... A21: 19 | B21: =Example!A20 -> 425 | C21: =Example!B20 -> 690 | D21: =Example!C20 -> 689 | E21: {=_xlfn.LET(_xlpm.dist,_xlfn.MAP(A$2:A$21, _xlfn.LAMBDA(_xlpm.i, POWER($B21-INDIRECT(ADDRESS(2+_xlpm.i,2)),2) +POWER($C21-INDIRECT(ADDRESS(2+_xlpm.i,3)),2) +POWER($D21-INDIRECT(ADDRESS(2+_xlpm.i,4)),2)) ),_xlfn.LET(_xlpm.best,INDEX(_xlfn._xlws.SORT(_xlpm.dist),2),_xlpm.best))} -> 100427 | F21: {=_xlfn.LET(_xlpm.dist,_xlfn.MAP(A$2:A$21, _xlfn.LAMBDA(_xlpm.i, POWER($B21-INDIRECT(ADDRESS(2+_xlpm.i,2)),2) +POWER($C21-INDIRECT(ADDRESS(2+_xlpm.i,3)),2) +POWER($D21-INDIRECT(ADDRESS(2+_xlpm.i,4)),2)) ),_xlfn.LET(_xlpm.best,INDEX(_xlfn._xlws.SORT(_xlpm.dist),2), _xlfn._xlws.FILTER(A$2:A$21, _xlpm.dist=_xlpm.best)))} -> 0 | G21: 210094 | H21: 10 | I21: 12 | J21: 10 | K21: 12 | L21: 10 | M21: 12 | N21: 10 | O21: 12 | P21: 10 | Q21: 12 | R21: 10 | S21: 12 | T21: 10 | U21: 12 | V21: 10 | W21: 12 | X21: 10 | Y21: 9 | Z21: 10 | AA21: 9 | AB21: 10 | AC21: 9 | AD21: 10 | AE21: 9 | AF21: 10 | AG21: 9 | AH21: 10 | AI21: 9 | AJ21: 10 | AK21: 9 | AL21: 10 | AM21: 9
J22: =COUNT(_xlfn.UNIQUE(J2:J21)) -> 19 | L22: =COUNT(_xlfn.UNIQUE(L2:L21)) -> 19 | N22: =COUNT(_xlfn.UNIQUE(N2:N21)) -> 18 | P22: =COUNT(_xlfn.UNIQUE(P2:P21)) -> 17 | R22: =COUNT(_xlfn.UNIQUE(R2:R21)) -> 17 | T22: =COUNT(_xlfn.UNIQUE(T2:T21)) -> 16 | V22: =COUNT(_xlfn.UNIQUE(V2:V21)) -> 16 | X22: =COUNT(_xlfn.UNIQUE(X2:X21)) -> 15 | Z22: =COUNT(_xlfn.UNIQUE(Z2:Z21)) -> 15 | AB22: =COUNT(_xlfn.UNIQUE(AB2:AB21)) -> 14 | AD22: =COUNT(_xlfn.UNIQUE(AD2:AD21)) -> 14 | AF22: =COUNT(_xlfn.UNIQUE(AF2:AF21)) -> 13 | AH22: =COUNT(_xlfn.UNIQUE(AH2:AH21)) -> 12 | AJ22: =COUNT(_xlfn.UNIQUE(AJ2:AJ21)) -> 11 | AL22: =COUNT(_xlfn.UNIQUE(AL2:AL21)) -> 10
J24: {=_xlfn.GROUPBY(J2:J21,J2:J21,_xleta.COUNT)} -> 0 | K24: 2 | L24: {=_xlfn.GROUPBY(L2:L21,L2:L21,_xleta.COUNT)} -> 0 | M24: 2 | N24: {=_xlfn.GROUPBY(N2:N21,N2:N21,_xleta.COUNT)} -> 1 | O24: 1 | P24: {=_xlfn.GROUPBY(P2:P21,P2:P21,_xleta.COUNT)} -> 1 | Q24: 1 | R24: {=_xlfn.GROUPBY(R2:R21,R2:R21,_xleta.COUNT)} -> 1 | S24: 1 | T24: {=_xlfn.GROUPBY(T2:T21,T2:T21,_xleta.COUNT)} -> 1 | U24: 1 | V24: {=_xlfn.GROUPBY(V2:V21,V2:V21,_xleta.COUNT)} -> 1 | W24: 1 | X24: {=_xlfn.GROUPBY(X2:X21,X2:X21,_xleta.COUNT)} -> 1 | Y24: 1 | Z24: {=_xlfn.GROUPBY(Z2:Z21,Z2:Z21,_xleta.COUNT)} -> 1 | AA24: 1 | AB24: {=_xlfn.GROUPBY(AB2:AB21,AB2:AB21,_xleta.COUNT)} -> 1 | AC24: 1 | AD24: {=_xlfn.GROUPBY(AD2:AD21,AD2:AD21,_xleta.COUNT)} -> 1 | AE24: 1 | AF24: {=_xlfn.GROUPBY(AF2:AF21,AF2:AF21,_xleta.COUNT)} -> 1 | AG24: 1 | AH24: {=_xlfn.GROUPBY(AH2:AH21,AH2:AH21,_xleta.COUNT)} -> 1 | AI24: 1 | AJ24: {=_xlfn.GROUPBY(AJ2:AJ21,AJ2:AJ21,_xleta.COUNT)} -> 1 | AK24: 1 | AL24: {=_xlfn.GROUPBY(AL2:AL21,AL2:AL21,_xleta.COUNT)} -> 1 | AM24: 1
J25: 1 | K25: 1 | L25: 1 | M25: 1 | N25: 2 | O25: 1 | P25: 2 | Q25: 2 | R25: 2 | S25: 2 | T25: 2 | U25: 2 | V25: 2 | W25: 2 | X25: 2 | Y25: 2 | Z25: 2 | AA25: 2 | AB25: 2 | AC25: 2 | AD25: 2 | AE25: 2 | AF25: 3 | AG25: 1 | AH25: 3 | AI25: 1 | AJ25: 3 | AK25: 5 | AL25: 3 | AM25: 5
J26: 2 | K26: 1 | L26: 2 | M26: 1 | N26: 3 | O26: 1 | P26: 3 | Q26: 1 | R26: 3 | S26: 1 | T26: 3 | U26: 1 | V26: 3 | W26: 1 | X26: 3 | Y26: 1 | Z26: 3 | AA26: 1 | AB26: 3 | AC26: 1 | AD26: 3 | AE26: 1 | AF26: 4 | AG26: 1 | AH26: 4 | AI26: 1 | AJ26: 4 | AK26: 1 | AL26: 4 | AM26: 2
J27: 3 | K27: 1 | L27: 3 | M27: 1 | N27: 4 | O27: 1 | P27: 4 | Q27: 1 | R27: 4 | S27: 1 | T27: 4 | U27: 1 | V27: 4 | W27: 1 | X27: 4 | Y27: 1 | Z27: 4 | AA27: 1 | AB27: 4 | AC27: 1 | AD27: 4 | AE27: 1 | AF27: 5 | AG27: 1 | AH27: 5 | AI27: 1 | AJ27: 5 | AK27: 1 | AL27: 5 | AM27: 1
J28: 4 | K28: 1 | L28: 4 | M28: 1 | N28: 5 | O28: 1 | P28: 5 | Q28: 1 | R28: 5 | S28: 1 | T28: 5 | U28: 1 | V28: 5 | W28: 1 | X28: 5 | Y28: 1 | Z28: 5 | AA28: 1 | AB28: 5 | AC28: 1 | AD28: 5 | AE28: 1 | AF28: 6 | AG28: 1 | AH28: 6 | AI28: 1 | AJ28: 6 | AK28: 1 | AL28: 8 | AM28: 3
J29: 5 | K29: 1 | L29: 5 | M29: 1 | N29: 6 | O29: 1 | P29: 6 | Q29: 1 | R29: 6 | S29: 1 | T29: 6 | U29: 1 | V29: 6 | W29: 1 | X29: 6 | Y29: 1 | Z29: 6 | AA29: 1 | AB29: 6 | AC29: 1 | AD29: 6 | AE29: 1 | AF29: 7 | AG29: 3 | AH29: 8 | AI29: 3 | AJ29: 8 | AK29: 3 | AL29: 9 | AM29: 2
J30: 6 | K30: 1 | L30: 6 | M30: 1 | N30: 7 | O30: 3 | P30: 7 | Q30: 3 | R30: 7 | S30: 3 | T30: 7 | U30: 3 | V30: 7 | W30: 3 | X30: 7 | Y30: 3 | Z30: 7 | AA30: 3 | AB30: 7 | AC30: 3 | AD30: 7 | AE30: 3 | AF30: 8 | AG30: 3 | AH30: 9 | AI30: 2 | AJ30: 9 | AK30: 2 | AL30: 10 | AM30: 1
J31: 7 | K31: 1 | L31: 7 | M31: 1 | N31: 8 | O31: 1 | P31: 8 | Q31: 1 | R31: 8 | S31: 1 | T31: 8 | U31: 1 | V31: 8 | W31: 1 | X31: 8 | Y31: 1 | Z31: 8 | AA31: 1 | AB31: 8 | AC31: 1 | AD31: 8 | AE31: 1 | AF31: 9 | AG31: 2 | AH31: 10 | AI31: 1 | AJ31: 10 | AK31: 1 | AL31: 11 | AM31: 2
J32: 8 | K32: 1 | L32: 8 | M32: 1 | N32: 9 | O32: 1 | P32: 9 | Q32: 1 | R32: 9 | S32: 1 | T32: 9 | U32: 1 | V32: 9 | W32: 1 | X32: 9 | Y32: 2 | Z32: 9 | AA32: 2 | AB32: 9 | AC32: 2 | AD32: 9 | AE32: 2 | AF32: 10 | AG32: 1 | AH32: 11 | AI32: 2 | AJ32: 11 | AK32: 2 | AL32: 15 | AM32: 1
J33: 9 | K33: 1 | L33: 9 | M33: 1 | N33: 10 | O33: 1 | P33: 10 | Q33: 1 | R33: 10 | S33: 1 | T33: 10 | U33: 1 | V33: 10 | W33: 1 | X33: 10 | Y33: 1 | Z33: 10 | AA33: 1 | AB33: 10 | AC33: 1 | AD33: 10 | AE33: 1 | AF33: 11 | AG33: 2 | AH33: 14 | AI33: 4 | AJ33: 15 | AK33: 1 | AL33: 17 | AM33: 2
J34: 10 | K34: 1 | L34: 10 | M34: 1 | N34: 11 | O34: 1 | P34: 11 | Q34: 1 | R34: 11 | S34: 1 | T34: 11 | U34: 1 | V34: 11 | W34: 1 | X34: 11 | Y34: 1 | Z34: 11 | AA34: 1 | AB34: 11 | AC34: 2 | AD34: 11 | AE34: 2 | AF34: 14 | AG34: 1 | AH34: 15 | AI34: 1 | AJ34: 17 | AK34: 2 | AL34: Total | AM34: 20
J35: 11 | K35: 1 | L35: 11 | M35: 1 | N35: 12 | O35: 1 | P35: 12 | Q35: 1 | R35: 12 | S35: 1 | T35: 12 | U35: 1 | V35: 12 | W35: 1 | X35: 14 | Y35: 1 | Z35: 14 | AA35: 1 | AB35: 14 | AC35: 1 | AD35: 14 | AE35: 1 | AF35: 15 | AG35: 1 | AH35: 17 | AI35: 2 | AJ35: Total | AK35: 20
J36: 12 | K36: 1 | L36: 12 | M36: 1 | N36: 13 | O36: 1 | P36: 14 | Q36: 1 | R36: 14 | S36: 1 | T36: 14 | U36: 1 | V36: 14 | W36: 1 | X36: 15 | Y36: 1 | Z36: 15 | AA36: 1 | AB36: 15 | AC36: 1 | AD36: 15 | AE36: 1 | AF36: 17 | AG36: 2 | AH36: Total | AI36: 20
J37: 13 | K37: 1 | L37: 13 | M37: 1 | N37: 14 | O37: 1 | P37: 15 | Q37: 1 | R37: 15 | S37: 1 | T37: 15 | U37: 1 | V37: 15 | W37: 1 | X37: 16 | Y37: 1 | Z37: 16 | AA37: 1 | AB37: 17 | AC37: 2 | AD37: 17 | AE37: 2 | AF37: Total | AG37: 20
J38: 14 | K38: 1 | L38: 14 | M38: 1 | N38: 15 | O38: 1 | P38: 16 | Q38: 1 | R38: 16 | S38: 1 | T38: 16 | U38: 1 | V38: 16 | W38: 1 | X38: 17 | Y38: 2 | Z38: 17 | AA38: 2 | AB38: Total | AC38: 20 | AD38: Total | AE38: 20
J39: 15 | K39: 1 | L39: 15 | M39: 1 | N39: 16 | O39: 1 | P39: 17 | Q39: 1 | R39: 17 | S39: 1 | T39: 17 | U39: 2 | V39: 17 | W39: 2 | X39: Total | Y39: 20 | Z39: Total | AA39: 20
J40: 16 | K40: 1 | L40: 16 | M40: 1 | N40: 17 | O40: 1 | P40: 18 | Q40: 1 | R40: 18 | S40: 1 | T40: Total | U40: 20 | V40: Total | W40: 20
J41: 17 | K41: 1 | L41: 17 | M41: 1 | N41: 18 | O41: 1 | P41: Total | Q41: 20 | R41: Total | S41: 20
J42: 18 | K42: 1 | L42: 18 | M42: 1 | N42: Total | O42: 20
J43: Total | K43: 20 | L43: Total | M43: 20

Sheet Example
A1: 162 | B1: 817 | C1: 812
A2: 57 | B2: 618 | C2: 57
A3: 906 | B3: 360 | C3: 560
A4: 592 | B4: 479 | C4: 940
A5: 352 | B5: 342 | C5: 300
A6: 466 | B6: 668 | C6: 158
A7: 542 | B7: 29 | C7: 236
A8: 431 | B8: 825 | C8: 988
A9: 739 | B9: 650 | C9: 466
A10: 52 | B10: 470 | C10: 668
A11: 216 | B11: 146 | C11: 977
A12: 819 | B12: 987 | C12: 18
... A20: 425 | B20: 690 | C20: 689
